,created_at,location,user,text
0,Mon Nov 01 23:48:48 +0000 2021,"Magelang, Jawa Tengah",Fernandiangesti,"Investasi pakai @ajaib_investasi jdi menyenangkan. Dengan tampilan yg simpel tapi punya fitur yg beragam, membuat k‚Ä¶ https://t.co/RicJeDz8lO"
0,Mon Nov 01 23:42:32 +0000 2021,Jakarta,parahitairawan,"Mitos-mitos valuasi saham.
https://t.co/JExmlS9day"
0,Mon Nov 01 23:02:03 +0000 2021,"DKI Jakarta, Indonesia",pantau_com,"Menteri BUMN Erick Thohir menceritakan kecintaannya kepada klub Liga Italia Inter Milan, yang sempat ia miliki saha‚Ä¶ https://t.co/7eT9aqwysI"
0,Mon Nov 01 23:00:04 +0000 2021,"Jakarta, Indonesia",KontanNews,"Wall Street cetak rekor tertinggi lagi, saham Tesla jadi pendorong utama https://t.co/ybFwIcekl7 #WallStreet"
0,Mon Nov 01 22:50:05 +0000 2021,"Jakarta, Indonesia",IDXchart,"Dan menurut pengalaman saya, modal trading (portofolio investasi) yang ideal untuk dapat menggunakan analisis tekni‚Ä¶ https://t.co/zNZhoqmMIu"
0,Mon Nov 01 22:10:04 +0000 2021,"Jakarta, Indonesia",Bisniscom,"Resep Adhi Karya (ADHI) Torehkan Laba, Harga Saham Menuju Rp1.170 https://t.co/o4OxuFkENI"
0,Mon Nov 01 22:06:38 +0000 2021,jakarta selatan,saptaipb,"Gak mesti tiap hari harus beli saham,
Kalo gak ada signal,
Yawda diam dulu,
Jgn di paksakan harus buy"
0,Mon Nov 01 21:51:57 +0000 2021,Yogyakarta,terimacakihh,"@jogmfs Wihhh gak wajar mba
Seharusnya umur 24 dah punya showroom, punya mall, punya villa di kaliurang sama nilai saham milyaran"
0,Mon Nov 01 20:16:01 +0000 2021,Bandung,jericoy,"@jokoanwar Sdh dijawab oleh staf khususnya, korporasi yg tdk profit oriented, korporasi sosial, tdk bagi dividen ke pmgang saham,..menarik!!"
0,Mon Nov 01 19:54:49 +0000 2021,"Jakarta, Indonesia",InvestorID,"Cermati Saham ASRI, TLKM, EXCL, BBNI, BBCA, INDF, ITMG, HMSP, dan UNVR https://t.co/nTTEi8vnon https://t.co/pTdz2sjeR3"
0,Mon Nov 01 19:40:33 +0000 2021,"Jakarta, Indonesia",pusatforex_com,Analisa Saham dan IHSG Hari Ini : https://t.co/VjrneEc1sW
0,Mon Nov 01 19:01:18 +0000 2021,"Jakarta Selatan, DKI Jakarta",htm_007,"@wawkurniawan @Ronnie_Rusli BUMN itu lembaga bisnis. Tidak terkait dgn Bendahara negara, kecuali saham saja sebagia‚Ä¶ https://t.co/ef46Qf24RV"
0,Mon Nov 01 18:40:34 +0000 2021,"Jakarta, Indonesia",pusatforex_com,Analisa Indeks Saham Hari Ini : https://t.co/lnFLjBd6zo
0,Mon Nov 01 17:16:31 +0000 2021,Indonesia,Otak_Bisnis,"Berikut Review saham2 ""TERSERAM"" selama Bulan Oktober 2021 adakah yang punya kalian?? #Saham #IHSG #oktober‚Ä¶ https://t.co/npdJT3Ed8q"
0,Mon Nov 01 17:12:01 +0000 2021,Brebes - Jakarta,dybaleee,@profesor_saham njiiir sekali kedip wkwk
0,Mon Nov 01 17:06:07 +0000 2021,Semarang Indonesia,nunaabobo,mentahan aja atau saham jg boleh https://t.co/wP8GBtJv8a
0,Mon Nov 01 17:03:39 +0000 2021,"Jakarta Utara, DKI Jakarta",qhrtlain,"download aplikasi ajaib, gunakan kode referal : QHUR515 untuk dapetin saham gratis!ü•∞ Happy Cuanüí∏ #referalajaib#ajai‚Ä¶ https://t.co/MWyeThpURb"
0,Mon Nov 01 17:03:03 +0000 2021,"Jakarta Utara, DKI Jakarta",qhrtlain,"kode referal ajaib : QHUR515
pakai untuk dapatkan saham gratis!ü•∞ 
Happy Cuanüòç‚ú®"
0,Mon Nov 01 17:02:10 +0000 2021,"Jawa Barat, Indonesia",Prakacitaaa,"Cara ngitung budget undangan udh kaya ngitung saham, harga selembar saham x berapa lot (ratus) tamu üòÖüòÖ
Undangan Per‚Ä¶ https://t.co/ZDs6a3VSpE"
0,Mon Nov 01 17:01:58 +0000 2021,Indonesia,Otak_Bisnis,Saham TESLA $TSLA terus mencatatkan All Time High nya.. berikut gambaran persaingan dengan kompetitor nya https://t.co/d6752uvMHN
0,Mon Nov 01 16:47:40 +0000 2021,"Kota Semarang, Jawa Tengah",gIaukoma,@balonkuada99 @collegemenfess Jumlah lembar saham perusahaan bersangkutan dibagi total jumlah saham. Contoh perusah‚Ä¶ https://t.co/CeRKO6c4YT
0,Mon Nov 01 16:47:39 +0000 2021,Semarang - Jakarta,favophs,@sweetsakarin @undipmenfess maunya saham apa eca?
0,Mon Nov 01 16:37:06 +0000 2021,"Jakarta, Indonesia",Askrlfess,"[Askrl] kalau mau belajar tentang saham, dimana ya guys?"
0,Mon Nov 01 16:23:26 +0000 2021,"Jakarta Selatan, DKI Jakarta",meraahmaruun,"@bentarabumi @NitaSellya salah saham, ku pikir tadi loula, sama-sama calico sih yaaa‚Ä¶
maapin ya neng, belum pernah‚Ä¶ https://t.co/aonMFJvsdD"
0,Mon Nov 01 16:14:28 +0000 2021,"Surakarta, Jawa Tengah",PencopetIHSG,"@tradingforlyf Saham bagus iniii, masih hold di 750 ehee"
0,Mon Nov 01 16:13:25 +0000 2021,"Jakarta Selatan, DKI Jakarta",FaizRadli,@asumsico Dibawah 10persen kalo cuan saham milyaran atau triliunan mah.. yaaa... itung sndiriüòÇüòÇ
0,Mon Nov 01 16:01:19 +0000 2021,"Jakarta, Indonesia",detikfinance,"Dengan harga IPO berkisar Rp 775-975 per saham, perseroan berpotensi meraih dana hingga Rp 24,9 triliun atau terbes‚Ä¶ https://t.co/iUtj8ppWHk"
0,Mon Nov 01 15:58:50 +0000 2021,"Jakarta Selatan, DKI Jakarta",Hensofyet,@__HardjoKondang @Dennysiregar7 Sdh ketemu belum para pemegang saham.perusahaan itu üòÖü§£
0,Mon Nov 01 15:57:56 +0000 2021,Jakarta,dimasasta,@profesor_saham Belom juga kelar ngomong ituüòÇ
0,Mon Nov 01 15:53:58 +0000 2021,Bandung,Martabak_LEGIT,"Investasi Kuliner Martabak LEGIT Group Khas Bandung, invest 25Jt/saham, bagi hasil 500rb/bln, kontrak 3 th, JOIN No‚Ä¶ https://t.co/3kW50HhkuW"
0,Mon Nov 01 15:31:52 +0000 2021,"Jawa Barat, Indonesia",Prakacitaaa,Sebuah trik marketing wkwk beli sampo dapet voucher  gratis chatime. Besok beli kumkum gratis 1 lot saham Buka aja‚Ä¶ https://t.co/YR5Jh8LfqH
0,Mon Nov 01 15:13:16 +0000 2021,"Central Java, Indonesia",the_luckyloser,@undipmenfess Saham freeport 3%
0,Mon Nov 01 15:10:00 +0000 2021,"Jakarta, Indonesia",inewsdotid,"Elon Musk Tantang Pembuktian PBB, Siap Jual Saham Tesla untuk Atasi Kelaparan Dunia
https://t.co/6jUR6HTGQk"
0,Mon Nov 01 15:09:25 +0000 2021,"Jawa Tengah, Indonesia",RudiYahya12,@ismailfahmi Bang  coba si  MD punya saham  spt Unilever etc.
0,Mon Nov 01 15:09:06 +0000 2021,"Bandung, Jawa Barat",Envy637495,"@cookies_taro69 engga, mending saham sih kl aku wkwkwk"
0,Mon Nov 01 14:53:23 +0000 2021,"Bandung, Indonesia",lisafarhani,"Bosen, pengen beli saham Tesla"
0,Mon Nov 01 14:44:44 +0000 2021,"Bali, Indonesia",iosipratama,"Investasi Saham Oktober 2021 ü™ô

üáÆüá© Saham Indo:  BUKA,  JRPT
üåê Saham Luar:  TEAM ,  FVRR,  SE"
0,Mon Nov 01 14:42:00 +0000 2021,Jakarta,newsmerahputih,"Saham perusahaan Material Kanada melambung akibat Facebook mengganti nama.

#merahputihcom #Meta #Facebook‚Ä¶ https://t.co/0IX6zTwH2Z"
0,Mon Nov 01 14:26:08 +0000 2021,"Jakarta, Indonesia",Bisniscom,"Saham Emiten Berbasis Komoditas Jadi Tambah Seksi, Ini Alasannya! https://t.co/6hA1xQ9TtC"
0,Mon Nov 01 14:19:09 +0000 2021,Yogyakarta,afifmakrom,@ercsty Pak @erickthohir tolong beli saham PSS
0,Mon Nov 01 14:18:05 +0000 2021,"Bekasi, Jawa Barat",PRBekasiRaya,Elon Musk Tantang Pejabat PBB Atasi Kelaparan Dunia: Saya Akan Jual Saham Tesla Sekarang Juga https://t.co/qO3cCZaZAr
0,Mon Nov 01 14:03:00 +0000 2021,"DKI Jakarta, Indonesia",FiyaniVia,#invetasi #saham #sahamhongkong #EMAs #sahamemas #investasiemas #investasihangseng #hangseng #TradingView #trading‚Ä¶ https://t.co/usycELqr01
0,Mon Nov 01 13:59:21 +0000 2021,"DKI Jakarta, Indonesia",FiyaniVia,#investasi #TradingView #trading #tradingideas #tradinggold #gold #GoldenChild #EMAs #emasculeted #hangseng‚Ä¶ https://t.co/NFvKq45GIJ
0,Mon Nov 01 13:56:58 +0000 2021,"Tegal, Jawa Tengah",mizz_kun,"@ajaib_investasi Saham gorengan, karna blm mampu beli saham blu chip"
0,Mon Nov 01 13:54:38 +0000 2021,"DKI Jakarta, Indonesia",FiyaniVia,#saham #investasi #sahamhongkong #EMAs  #gold  #nfp #TradingView  #trading #kpf #kontakperkasa #tradinggold‚Ä¶ https://t.co/pMUsUs8Jc6
0,Mon Nov 01 13:37:40 +0000 2021,Bandung,svnflawless,saham mekdi langsung turun https://t.co/SCLkcA3qfw
0,Mon Nov 01 13:02:33 +0000 2021,"Jakarta, Indonesia",Bisniscom,"Sentimen Pasar Kondusif, Transaksi Broker Saham Ikut Positif https://t.co/RQlglknUzy"
0,Mon Nov 01 13:01:38 +0000 2021,"Jakarta Selatan, DKI Jakarta",yudhi_kz,@nsalsaaaaa @Saham_fess makin jago
0,Mon Nov 01 12:58:43 +0000 2021,Jakarta,Goodlife_Mag,Cepat Kaya atau Gagal di Bursa Saham https://t.co/IWb9Md1nmc
0,Mon Nov 01 12:54:34 +0000 2021,"Jakarta, Indonesia",Bisniscom,"IHSG Cerah, Mandiri Sekuritas Keruk Cuan dari Transaksi Saham &amp; IPO Jumbo https://t.co/TYaD6GyNxj"
0,Mon Nov 01 12:53:24 +0000 2021,Jakarta,Stockbit,"Kabar lainnya datang dari @tiket yang udah ngasih sinyal bakalan IPO tahun 2022, melambung jauh terbang tinggi bers‚Ä¶ https://t.co/aZPSNKtGzP"
0,Mon Nov 01 12:53:24 +0000 2021,Jakarta,Stockbit,"Liat Calvin minum teh tarikü•§
Masih hari Senin, udah banyak kabar menarik‚ú®

Concentricity, perusahaan investasi yang‚Ä¶ https://t.co/qyGBYDK6cc"
0,Mon Nov 01 12:50:42 +0000 2021,"Bumiayu, Indonesia",fauzandhikaf,"@Saham_fess FREN kalo kamu ngikutin pas dia rebound di support 82, dia udah patah trend.. Skrg udah reversal sih harusnya. cmiiw."
0,Mon Nov 01 12:47:39 +0000 2021,"Bandar Lampung, Lampung",Diqacangin_,@Saham_fess gausah ditutupin mpmx nya nder
0,Mon Nov 01 12:47:20 +0000 2021,"Bumiayu, Indonesia",fauzandhikaf,"@Saham_fess big player nya PD ngeri ni, tapi besok bisa koreksi dulu kalo gagal break di 780. cmiiw."
0,Mon Nov 01 12:47:16 +0000 2021,"DKI Jakarta, Indonesia",eDzulfikar,@habibaeee Percaya besok saham makanan kita besok terbang ga bar
0,Mon Nov 01 12:25:59 +0000 2021,"Jakarta, Indonesia",darma__p,@keratkeratbir Market cap saham bumn yg go public ada
0,Mon Nov 01 12:20:47 +0000 2021,"Jakarta, Indonesia",IDX_BEI,"Untuk mengetahui perkembangan saham hari ini dari Bursa Efek Indonesia klik https://t.co/Eb0ZKD0XV5    
#IDXDailyTrading #TemanInvestasi"
0,Mon Nov 01 12:19:34 +0000 2021,"Jakarta, Indonesia",Bisniscom,"Saham Favorit Asing Awal November 2021, Ada BMRI, BBRI &amp; KLBF https://t.co/5vSCF8vS1M"
0,Mon Nov 01 12:15:07 +0000 2021,Jakarta,Konfrontasi_co,"Elon Musk Mengaku Siap Jual Saham Tesla untuk Atasi Kelaparan Dunia, Tapi Ada Syaratnya https://t.co/6mjmpqQhCj"
0,Mon Nov 01 12:15:00 +0000 2021,"Jakarta, Indonesia",inewsdotid,"Miliarder AS Kelahiran RI Koleksi Saham Tesla, Dorong Kekayaannya Tembus Rp122 Triliun
https://t.co/jwRKLPnZAg."
0,Mon Nov 01 12:14:47 +0000 2021,"Jakarta Pusat, DKI Jakarta",SINDOnews,"Elon Musk Sesumbar Siap Jual Saham Tesla untuk Atasi Kelaparan Dunia, tapi Ini Syaratnya

 #Sindonews‚Ä¶ https://t.co/RhBbXlLBsA"
0,Mon Nov 01 12:13:56 +0000 2021,Java indonesia,RobinBaja,"@MataNajwa @TRANS7 Sampai jual beli club hanya di negara ini, di negara eropa jual beli saham dan nama club dan homebese ngak pindah"
0,Mon Nov 01 12:00:50 +0000 2021,,dananMD,@Saham_fess mpmx
0,Mon Nov 01 11:58:36 +0000 2021,"Yogyakarta, Indonesia",whoocityx,Waaduh dah punya mentor saham ni wkwkwkkwk senangnya
0,Mon Nov 01 11:57:21 +0000 2021,Jakarta,ghuzzan_id,"@geloraco yaelah.. saham kecil atw jabatan cuma komisaris dlm PT itu mah cuma kamuflase ajah, dah biasa dlm Perusah‚Ä¶ https://t.co/9tNzfnd2o6"
0,Mon Nov 01 11:56:27 +0000 2021,"Bantul, Indonesia",RindaMan2412,"@jogmfs Ngga si,minimal udah punya saham bbca 1000 lot"
0,Mon Nov 01 11:51:39 +0000 2021,"DKI Jakarta, Indonesia",eDzulfikar,@profesor_saham Iya wkwkw
0,Mon Nov 01 11:45:00 +0000 2021,"Jakarta, Indonesia",inilahdotcom,"Ajak Milenial Berinvestasi, Tiga Pasangan Selebriti Bagi-bagi Saham

#inilahcom #inilahdotcom
https://t.co/I5jspO7sXl"
0,Mon Nov 01 11:44:31 +0000 2021,"Cikampek, Indonesia",AlamsyahFerda,@yogach_ Ole ki sing due saham nek MU üòÇ
0,Mon Nov 01 11:43:22 +0000 2021,"Jakarta, Indonesia",detikfinance,PT Widodo Makmur Perkasa Tbk (WMP) akan melantai di bursa saham atau penawaran umum perdana dengan melepas sebanyak‚Ä¶ https://t.co/zSobPKeQwL
0,Mon Nov 01 11:34:52 +0000 2021,"Kendal, IndonesiaüáÆüá©",Viameilida1,@BlueSunkin Saham ga si
0,Mon Nov 01 11:34:22 +0000 2021,Tangerang,prakusyakp,Fred kek nya masih keluarga sama pemilik saham MU
0,Mon Nov 01 11:34:00 +0000 2021,"DKI Jakarta, Indonesia",T_IndonesiaPost,"Indeks Harga Saham Gabungan (IHSG) harus ditutup terkoreksi pada perdagangan hari ini, Senin (1/11), meskipun senti‚Ä¶ https://t.co/8mN67rus57"
0,Mon Nov 01 11:29:40 +0000 2021,"Tangerang, Indonesia",RivanAgiestaPW,"@grumpyoldudesss Cek berita kompas pak ,kendaraan pribadi motor opo mobil , berkendara selama 4 jam wajib pcr wkwkw‚Ä¶ https://t.co/4ZciBwRMZp"
0,Mon Nov 01 11:24:36 +0000 2021,"Jakarta, Indonesia",InvestorID,Analis Ini Prediksi Saham CPO Segera Rally https://t.co/qPm6S7au7w https://t.co/aMW7gvLQap
0,Mon Nov 01 11:22:33 +0000 2021,"Jakarta, Indonesia",Bisniscom,"Nasib Garuda GIAA, dari Opsi Lepas Saham Mayoritas hingga Laporan KPK https://t.co/82j4hFIKxu"
0,Mon Nov 01 11:21:47 +0000 2021,"DKI Jakarta, Indonesia",T_IndonesiaPost,"Juru Bicara Kemenko Marves, Jodi Mahardi menegaskan bahwa saham yang dimiliki oleh Luhut Binsar Pandjaitan melalui‚Ä¶ https://t.co/3aeJFPcEcZ"
0,Mon Nov 01 11:12:29 +0000 2021,"Yogyakarta, Indonesia",ramadani_id,"Yuk download Ajaib untuk investasi saham dan reksa dana! Mudah, cepat, dan terdaftar di OJK. Dapatkan HADIAH SAHAM‚Ä¶ https://t.co/SbfiDtydQb"
0,Mon Nov 01 11:09:28 +0000 2021,"Sleman, Yogyakarta",aquiladelfalco_,"ampun ngoten niku mas,anak e pemegang saham lho klub e sampean ditumbas bingung mengke. https://t.co/yTMOBUwmXk"
0,Mon Nov 01 10:59:19 +0000 2021,"Sleman, Yogyakarta",Wisnu_ID18,"@yaaaaak_ Iku menyombongkan diri nek 'aku ki anak e sek ndue saham loo gt,
Semacam koyo cah cilik sek kemaki ndue duit akeh, wkwkwk"
0,Mon Nov 01 10:59:04 +0000 2021,"Bali, Indonesia",edo_awp,Bantu saya merebut saham pizza hut @uranophile06 @wappsss @diancuk__
0,Mon Nov 01 10:54:04 +0000 2021,Bandung,Martabak_LEGIT,"Mau Invest  #KulinerBDG mulai dari 25 Juta/Saham? dpt bagi hasil 500ribu/bulan, Info: 0812-2269-0766 atau klik‚Ä¶ https://t.co/GXRZmiifuk"
0,Mon Nov 01 10:51:00 +0000 2021,Jakarta,harisubagya,@geloraco Permasalahanya bukan berapa saham LPB di Toba Bara Sejahtera. Namun PCR sebagai tools penanganan dalam  C‚Ä¶ https://t.co/0KqWxCbChG
0,Mon Nov 01 10:34:36 +0000 2021,"Sleman, Yogyakarta",AnasApriyadi,"@apathoni Sandi punya saratoga, saratoga punya PG, PG punya saham di traveloka, gitu gak sih? https://t.co/LeBtCzMEHa"
0,Mon Nov 01 10:28:47 +0000 2021,jakarta,abas_jo,"@KompasTV Mayoritas Saham dimiliki SoftBank asal Jepang &amp; Alibaba asal China..

Secara de facto bukan milik Indones‚Ä¶ https://t.co/8dFYOfth2W"
0,Mon Nov 01 10:25:35 +0000 2021,"Bandung, Jawa Barat",fakhrads,@apaansiht___t @collegemenfess Trading saham dan crypto
0,Mon Nov 01 10:23:03 +0000 2021,Jakarta,KATADATAcoid,"Produsen mutiara tapioka atau boba, PT Formosa Ingredient Factory melantai di bursa saham Senin (1/11). Perusahaan‚Ä¶ https://t.co/yAKNy8BNWn"
0,Mon Nov 01 10:15:47 +0000 2021,"Yogyakarta, Indonesia",YosiPra,@PSSleman Ndan mau nanya caranya bagaimana karena salah satunyavpemegang saham... Apakah kita harus beli sahamnya?
0,Mon Nov 01 10:15:00 +0000 2021,"Jakarta Selatan, DKI Jakarta",limapagi_,"#LIMAPAGI - Indeks Harga Saham Gabungan (IHSG) terkoreksi di akhir perdagangan hari ini. IHSG ditutup melemah 38,46‚Ä¶ https://t.co/wrCVNBMQVR"
0,Mon Nov 01 10:06:44 +0000 2021,"Kota Semarang, Jawa Tengah",temandeeptalk,"@Xsarrh beli laptop, hp, saham sama bikin usaha kecil""an"
0,Mon Nov 01 09:55:36 +0000 2021,"Jakarta, Indonesia",detikfinance,Principal Asset Management (Principal) akan meluncurkan fitur Kelas Unit Penyertaan untuk produk reksa dana saham P‚Ä¶ https://t.co/KRjiq8IhKv
0,Mon Nov 01 09:42:48 +0000 2021,"West Java, Indonesia",alfarid100,Pak Lo Kheng Hong aja pakai KOINS dari KISI Sekuritas loh. Katanya sangat puas dengan pelayanan di KISI. Fee nya ju‚Ä¶ https://t.co/wyViGtSmvF
0,Mon Nov 01 09:38:45 +0000 2021,"Sleman, Indonesia",Wisnuajj_,Jane saham e mbokne Arthur i pirang M to? 35% to?
0,Mon Nov 01 09:37:23 +0000 2021,"Jakarta, Indonesia",hsb_investasi,"Download HSB Investasi, platform investasi/trading saham dan komoditas yang terjamin aman karena sudah terdaftar da‚Ä¶ https://t.co/SXlPDM1sZc"
0,Mon Nov 01 09:36:57 +0000 2021,"Jakarta, Indonesia",hsb_investasi,"Terus, kalau mau investasi di mana? Tentu saja kamu bisa investasi emas atau saham. Pilih broker/platform yang terp‚Ä¶ https://t.co/HDFTYtHcdf"
0,Mon Nov 01 09:36:54 +0000 2021,"Jakarta Barat, DKI Jakarta",WealthProid,Window Dressing? Apa saja yang mempengaruhinya? Perlukah kita membeli saham dan bagaimana sikap kita dalam menghada‚Ä¶ https://t.co/7bQhSpAW09
0,Mon Nov 01 09:35:02 +0000 2021,Sidareja,raflyauliar_,"@titisanbanggarr @txtdarionlshop sama aja kek saham, beli murah jual mahal koinnya. Cuma produknya coin/token. Cuma‚Ä¶ https://t.co/ZNfCudF9CB"
0,Mon Nov 01 09:22:43 +0000 2021,"Jakarta, Indonesia",InvestorID,Saham BBRI dan FREN Saham Paling Aktif Hari Ini https://t.co/qb3nUZiuIH https://t.co/9eSc694SZi
0,Mon Nov 01 09:18:41 +0000 2021,"Bandung, Indonesia",xcoalllsXe,"@Saham_fess Koreksi dulu , serok lagi 95"
0,Mon Nov 01 09:15:29 +0000 2021,Yogyakarta,DhaniArdiantto,@antikritik76 Sepertinya hasil menang atau kalah di 2 laga terakhir sama sekali tidak akan menggeser dejan sebagai‚Ä¶ https://t.co/bCTeNkWcX0
0,Mon Nov 01 09:13:11 +0000 2021,Serang,UbayZakir,"@tempodotco Yup üòé Majalah Tempo edisi 1 November 2021 menulis, dua perusahaan yang terafiliasi dengan Luhut, PT Tob‚Ä¶ https://t.co/B45W21yQaL"
0,Mon Nov 01 09:12:08 +0000 2021,"Jakarta, Indonesia",InvestorID,"Indeks Terkoreksi, Saham BMRI Jadi Favorit Asing https://t.co/cTwnZjyMzY https://t.co/qqVlu9ZRnS"
0,Mon Nov 01 09:01:11 +0000 2021,"Jakarta, Indonesia",Bisniscom,"Saham-Saham Paling Melonjak Awal November, ATAP dan BOBA Jawara https://t.co/j5V8AMw1uN"
0,Mon Nov 01 08:57:08 +0000 2021,"Jakarta, Indonesia",InvestorID,"IHSG Terkoreksi, Saham KARW, SWAT, IATA, SMDR dan BOBA Paling Cuan https://t.co/e4oMT09jQ9 https://t.co/V3WXcn9eDq"
0,Mon Nov 01 08:53:59 +0000 2021,"Yogyakarta, ID ",bangnapis,"@profesor_saham @rachelbochell @tradingforlyf Tetap putus asa, jangan semangat prof"
0,Mon Nov 01 08:53:59 +0000 2021,Bandung,Martabak_LEGIT,"Investasi Patungan Kuliner Martabak invest mulai dari 5 Juta/Saham, bagi hasil setara 100Ribu/bulan, kontrak 2 thn. Join Invest Now...!"
0,Mon Nov 01 08:49:33 +0000 2021,"West Java, Indonesia",alfarid100,@Saham_fess Pompom terus ya haha
0,Mon Nov 01 08:40:04 +0000 2021,"Jakarta, Indonesia",Bisniscom,"Indeks Bisnis-27 Ditutup Melemah, Saham EMTK, TLKM, MIKA Tertekan https://t.co/OLyF8Igkuo"
0,Mon Nov 01 08:35:46 +0000 2021,Tangerang,bonie0959,Saham Perusahaan Alkesnya kan juga Pejabat Pemerintahan. Hehehe.. https://t.co/W85UnJOuwy
0,Mon Nov 01 08:31:08 +0000 2021,Jakarta,kalderanews,Sudah Siap Alami Penyesalan Demi Penyesalan dengan Investasi Saham? - https://t.co/qwmd4ueiSD via @Shareaholic
0,Mon Nov 01 08:31:05 +0000 2021,"Sleman, Indonesia",Taufanafid,@blalhcwodddhjk @adreafarandika bjong tutup nek koe muleh jogja mas.. aku saiki pemilik saham 70% bjong
0,Mon Nov 01 08:22:04 +0000 2021,"Sleman, Yogyakarta",MuhammadToha121,@eljadoodle @cahbola69 Ketoke sik iso nentokke starting XI ki pemegang saham terbesar udu pelatih
0,Mon Nov 01 08:17:52 +0000 2021,yogyakarta,RoidMukhtar,@yulioantoni Beli saham pabrik kosmetik bos ed
0,Mon Nov 01 08:16:58 +0000 2021,"Jakarta, Indonesia",noor_rahman92,"Awal bulan November kurang bersahabat, $IHSG berbalik arah di sesi 2. Waspada jika besok breakdown MA20, next suppo‚Ä¶ https://t.co/rSdg4O9zOI"
0,Mon Nov 01 08:13:07 +0000 2021,"Jakarta, Indonesia",Bisniscom,10 Broker Saham dengan Transaksi Jumbo Sepanjang Oktober 2021 https://t.co/md0rcwx92k
0,Mon Nov 01 08:05:41 +0000 2021,"Jakarta, Indonesia",InvestorID,"IHSG Awal November Terpangkas 0,58%, Saham ATAP dan BOBA Auto Reject Atas https://t.co/SZBXmKESjy https://t.co/uZLC6zVZA1"
0,Mon Nov 01 08:03:51 +0000 2021,"Kulon Progo, Yogyakarta",juliusandikaa,@Saham_fess Tp 75 % sisanya tunggu besok
0,Mon Nov 01 08:02:32 +0000 2021,YOGYAKARTA,rifkie_haha,@Liga1Match @BorneoSMR @PSSleman @BANKBRI_ID Jalannya pertandingan sudah tertebak. Serangan PSS dari sisi‚Ä¶ https://t.co/lAaC7wxpYi
0,Mon Nov 01 08:02:13 +0000 2021,"Bandung, Jawa Barat",siapayagataudeh,"@Saham_fess tp aja ah, serem masih awal volatilitynya"
0,Mon Nov 01 07:56:00 +0000 2021,"Sleman, Indonesia",aflah_ahmad_,@arifarre @PSSleman @irawan_arthur Bismillah @irawan_arthur invest saham at Klodjen Djaja 1956 üôèüèºüôèüèºüôèüèº https://t.co/4ibZP4RR37
0,Mon Nov 01 07:48:58 +0000 2021,"Pati, Indonesia",frizkiramadhani,"@Saham_fess Boleh, ketuk DM aja"
0,Mon Nov 01 07:46:09 +0000 2021,"Yogyakarta, Indonesia",haizayn_,"@bernamakal @haloyogs G dulu, km nak saham og, takut sama kerugian. wkwkwkw"
0,Mon Nov 01 07:46:08 +0000 2021,"Jakarta, Indonesia",Bisniscom,3 Hal yang Wajib Diperhatikan Investor Saham Pemula https://t.co/UQjcZaCCHc
0,Mon Nov 01 07:46:06 +0000 2021,"Jakarta, Indonesia",Bisniscom,"ASSA Memoles Kinerja Anteraja Hingga Logistik, Harga Saham Mendaki Seberapa Tinggi? https://t.co/Jh5xpRWz3V"
0,Mon Nov 01 07:45:10 +0000 2021,"Sleman, Indonesia",RagilSempronk,Bagus munyeng menjadi korban antara cintanya pada klub melawan ambisi ibu pemilik saham yang memanjakan anaknya. Asu bajingan!!!
0,Mon Nov 01 07:44:11 +0000 2021,"Jakarta, Indonesia",Annisarahmanida,"Ketika yang lain investasi ke emas, bitcoin, saham, dll. Saya memilih investasi ke diri sendiri wkwk"
0,Mon Nov 01 07:42:46 +0000 2021,jakarta,Blackpadawann,gila watchlist saham gw kebakaran semua
0,Mon Nov 01 07:37:34 +0000 2021,"Jakarta, Indonesia",Bisniscom,"ASSA Memoles Kinerja Anteraja, Harga Saham Mendaki Seberapa Tinggi? https://t.co/ARvWrK59WB"
0,Mon Nov 01 07:35:12 +0000 2021,Brebes - Jakarta,dybaleee,"@Saham_fess kalo emang uangnya bener2 ngga dipake, masukin reksadana pasar uang aja"
0,Mon Nov 01 07:33:50 +0000 2021,"DKI Jakarta, Indonesia",hiendo_junaidi,"Buruan slot terbatas.

#saham #investasi #trading #miraeasset #yuknabungsaham #idx https://t.co/PeTzWTzdNW"
0,Mon Nov 01 07:33:03 +0000 2021,"Bandung, Jawa Barat",hafidzhere,"@MRizkyP ""kowe moco koran sarungan,""
""Aku blonjo dasteran""

Fix lakinya maen saham ü§£"
0,Mon Nov 01 07:24:24 +0000 2021,"Jakarta Selatan, DKI Jakarta",htm_007,"Saham SRIL @SritexIndonesia hingga awal November ini blum dapat diperdagangkan kembali di @IDX_BEI 
Apakah penyebab‚Ä¶ https://t.co/EhxdlFgUDI"
0,Mon Nov 01 07:23:46 +0000 2021,"Jakarta Selatan, DKI Jakarta",Jual003,apakah investasi saham haram
0,Mon Nov 01 07:17:31 +0000 2021,Semarang,psyycamore,"@mrndalstr @bankbsi_id Gaji 2 digit ya (tahun depan aminn) udah gw planning buat ditabung sbg dana darurat, asurans‚Ä¶ https://t.co/IWwAOQh10Y"
0,Mon Nov 01 07:14:10 +0000 2021,"Purbalingga,Jawa tengah",fandihikmawan,"Bulan 1, beli 8 lot saham DMAS di harga 228. 

Total porto 800 lembar saham dg average 228. https://t.co/38A8ZiOXZ8"
0,Mon Nov 01 07:12:37 +0000 2021,"Jakarta, Indonesia",Bisniscom,Transaksi Broker Saham hingga Akhir 2021 Diperkirakan Stabil https://t.co/WMPvoyuqIt
0,Mon Nov 01 07:02:06 +0000 2021,"Pekalongan, Jawa Tengah",irohiro22,aku pas mau beli saham jyp buat ambil alih day6 https://t.co/eyeFyWuPFP
0,Mon Nov 01 06:58:02 +0000 2021,"DKI Jakarta, Indonesia",T_IndonesiaPost,"Indeks Harga Saham Gabungan (IHSG) akhirnya mampu finish di zona hijau di sesi I perdagangan perdana pekan ini, Sen‚Ä¶ https://t.co/aTzbRj2HOX"
0,Mon Nov 01 06:53:07 +0000 2021,"Jakarta, Indonesia",Bisniscom,"Transaksi Broker Saham Sepanjang Oktober 2021 Tembus Rp681,65 Triliun https://t.co/RImGKmPB0L"
0,Mon Nov 01 06:39:09 +0000 2021,Jakarta,kompascom,"Saham PT Formosa Ingredient Factory Tbk (BOBA) melesat 25 persen di level Rp 350 per saham, naik 70 poin dari harga‚Ä¶ https://t.co/cMKl18uGs6"
0,Mon Nov 01 06:33:54 +0000 2021,"Indonesia, Bandung",adrifzn,Farhan saham
0,Mon Nov 01 06:32:49 +0000 2021,"Jakarta Selatan, DKI Jakarta",bantuaminin,@collegemenfess aku maunya dikasih saham pas nnti wisuda xixixi
0,Mon Nov 01 06:23:47 +0000 2021,Jakarta selatan,ibnupurna,"Nama Menko Luhut BPdiduga ada dlm lingkaran bisnis PCR. Majalah Tempo edisi 1 November 2021 menulis, dua perusahaan‚Ä¶ https://t.co/67nwZNEM7P"
0,Mon Nov 01 06:23:13 +0000 2021,"DKI Jakarta, Indonesia",kevinzulfiqar,"@Saham_fess Ajaib, pake reveral @swawasul"
0,Mon Nov 01 06:14:55 +0000 2021,Jakarta,bareksacom,"#BareksaInsights hari ini

Pekan terakhir Oktober, Indeks Saham (IHSG) ditutup melemah tipis. Munculnya isu global‚Ä¶ https://t.co/M0VB7figDS"
0,Mon Nov 01 06:09:44 +0000 2021,"Bekasi, Jawa Barat",alfankhudori99,@worksfess Mau diajakin diskusi saham kak
0,Mon Nov 01 06:06:49 +0000 2021,Bekasi,andripurnamajat,@Yitno57 @HyEvan1 @Nicho_Silalahi @FerdinandHaean3 @jokowi Yang untung  itu freeport...nah dividen ats kepemilikan‚Ä¶ https://t.co/Q7cPeDLUsS
0,Mon Nov 01 05:52:09 +0000 2021,Bekasi,andripurnamajat,"@Yitno57 @HyEvan1 @Nicho_Silalahi @FerdinandHaean3 @jokowi Buahahaa....coba buktikam bacot luh..??

coba test otak.‚Ä¶ https://t.co/BDcYNpHHsG"
0,Mon Nov 01 05:51:30 +0000 2021,Semarang,psyycamore,"@nksthi @bankbsi_id Gaji 2 digit ya (tahun depan aminn) udah gw planning buat ditabung sbg dana darurat, asuransi k‚Ä¶ https://t.co/KB0t3t1mYH"
0,Mon Nov 01 05:51:22 +0000 2021,"Bandung, Jawa Barat",ourgils,@menfesssyg di kasih saham
0,Mon Nov 01 05:49:37 +0000 2021,Bekasi,andripurnamajat,@Yitno57 @HyEvan1 @Nicho_Silalahi @FerdinandHaean3 @jokowi Berita 2019..bos inalum sbt bhw freeport ga akan memberi‚Ä¶ https://t.co/TLFWpmcZWt
0,Mon Nov 01 05:48:08 +0000 2021,"Kota Bandung, Jawa Barat",XinnamonRwol,@payungsenjaa Beli saham
0,Mon Nov 01 05:47:54 +0000 2021,"Jakarta, Indonesia",InvestorID,"Indeks Sesi I Menguat, Saham BOBA Pimpin Top Gainers https://t.co/AyPpi348Hj"
0,Mon Nov 01 05:45:00 +0000 2021,"Jakarta, Indonesia",beritaKBR,"BBCA resmi stock split alias mecah saham dgn rasio 1:5.

Ada yang happy tapi ga sedikit juga yang salty. 

Nah, dua‚Ä¶ https://t.co/fU9mafRnEe"
0,Mon Nov 01 05:41:09 +0000 2021,Jakarta,dickrahar,"Seperti kebiasaan  orba, di mana ada perusahaan  strategis pasti ada pemegang saham 10-15% cuma2 utk pejabat atau a‚Ä¶ https://t.co/m9BfFigo9K"
0,Mon Nov 01 05:36:32 +0000 2021,Jawa barat,lemaklembut,"@nanidlot @bankbsi_id Punya cukup tabungan darurat, Punya investasi berupa tanah ataupun saham. #TerimaKasihSahabatBSI"
0,Mon Nov 01 05:35:00 +0000 2021,"DKI Jakarta, Indonesia",Ariestanabirah,Pasti punya sih secara logika üòÖ. Karena rakyat kecil tahu apa soal saham PCR üôÉ https://t.co/AnJRaw1Pa0
0,Mon Nov 01 05:33:01 +0000 2021,"Bekasi, Jawa Barat",sebelahkangayam,"pas berangkat kepanasan, pulang keujanan, ditengah jalan jatoh, saham turun

debes lah hari ini"
0,Mon Nov 01 05:32:27 +0000 2021,sleman,warasXwaras,@mas_pedro nembe kesel mas.ben day daynan dewe seng due saham.wkwkwk
0,Mon Nov 01 05:25:59 +0000 2021,Jawa barat,lemaklembut,"@mrndalstr @bankbsi_id Bikin usaha, Investasi ke saham-saham, dan gk akan checkout Shoppe. #TerimaKasihSahabatBSI"
0,Mon Nov 01 05:25:03 +0000 2021,"Jakarta, Indonesia",Bisniscom,"Saham BUKA TLKM Dilego Asing, Penguatan IHSG Terbatas https://t.co/stYoLFSXns"
0,Mon Nov 01 05:24:35 +0000 2021,"Jakarta Selatan, DKI Jakarta",KZulifatul,"@reezalIl @investorreceh @Saham_fess Ga rata ya Bund, aku ask 185 lot dpt 13 lot aja"
0,Mon Nov 01 05:22:51 +0000 2021,"Purbalingga, Indonesia",rbbyasalah,welcome november. semoga orderan naik. semoga windows dressing saham gw naik. ahelah kayaknya tyda terlalu susah
0,Mon Nov 01 05:12:27 +0000 2021,"Cibinong, Indonesia",makhluk_hidup25,@nksthi @bankbsi_id Investasi saham wkwkwk
0,Mon Nov 01 05:11:13 +0000 2021,"Yogyakarta, ID ",bangnapis,@profesor_saham Lahh skrg udah ganti arah ü§£
0,Mon Nov 01 05:10:56 +0000 2021,Pekalongan,Hayati909,@Saham_fess Bibit aja banyak promo üòÅ
0,Mon Nov 01 05:08:46 +0000 2021,Brebes - Jakarta,dybaleee,@profesor_saham ngertisaham scalping juga? üòÖ
0,Mon Nov 01 05:08:34 +0000 2021,Bogor - Jakarta,feldhen,@evieeae Bajingan saham ku dmna‚Äù dong
0,Mon Nov 01 05:08:01 +0000 2021,"Bandar Lampung, Lampung",Diqacangin_,@Saham_fess di seasonality https://t.co/6i4VZOSlRh
0,Mon Nov 01 05:05:19 +0000 2021,semarang,ocnn_,@nksthi @bankbsi_id buat beli saham GGRM #TerimaKasihSahabatBSI
0,Mon Nov 01 05:01:05 +0000 2021,"Bandung, Indonesia",bestprofitbdg,"IHSG Menghijau, Investor Asing Buru Saham https://t.co/fHdDVSVxzX"
0,Mon Nov 01 04:59:59 +0000 2021,"Bandung, Indonesia",bestprofitbdg,"Saham Asia Semringah, Indeks Nikkei Jepang https://t.co/FegvUlNVfP"
0,Mon Nov 01 04:51:51 +0000 2021,"Bandung, Jawa Barat",drivethrumcdon,menunggu saham saham berjatuhan bulan november
0,Mon Nov 01 04:46:29 +0000 2021,"Surakarta, Jawa Tengah",sejarahkitacom,"dan paling lama dalam sejarah industri barat. Di Amerika Serikat, depresi ekonomi terjadi ketika jatuhnya pasar mod‚Ä¶ https://t.co/flv4KK5l4t"
0,Mon Nov 01 04:45:33 +0000 2021,"Jakarta, Indonesia",Bisniscom,"IHSG Naik Sesi I, Investor Asing Incar Saham BBRI ITMG https://t.co/SIk5EI7RJa"
0,Mon Nov 01 04:40:30 +0000 2021,Bandung - Jawa Barat,putrisals,@Saham_fess Hold besok baru TP
0,Mon Nov 01 04:33:56 +0000 2021,"Jakarta, Indonesia",AndreasMarbun_,"@107aWvS saham Stoic

setelah beli dan punya saham itu, pasti langsung askesis setiap saat.."
0,Mon Nov 01 04:32:57 +0000 2021,"Jakarta, Indonesia",InvestorID,"9 Saham Masuk Daftar Margin Trading, 3 Terpental https://t.co/L7hLgFHPX0 https://t.co/y5r85WKbwT"
0,Mon Nov 01 04:28:02 +0000 2021,Jakarta,trenasia_com,Saham Boba King Laris Manis! Melesat 25 Persen pada Perdagangan Perdana https://t.co/ZgYfCDlcSO
0,Mon Nov 01 04:25:32 +0000 2021,"Jakarta, Indonesia",Bisniscom,Saham-Saham BUMN Prospektif saat IHSG Melaju https://t.co/OZj8ZnOfqc
0,Mon Nov 01 04:20:17 +0000 2021,Surakarta,negotivisme,@Saham_fess Cari tau sendiri aja lewat pengalaman. Kirim menfes begini banyak buzer.
0,Mon Nov 01 04:16:03 +0000 2021,"Jawa Tengah, Indonesia",poundstarving,"@Saham_fess Kalau saham, prefer bareksa. Soalnya di bibit pilihannya masih terbatas banget. Tapi kalau masih pemula‚Ä¶ https://t.co/rzm0gwyg8N"
0,Mon Nov 01 04:15:44 +0000 2021,"Pati, Indonesia",frizkiramadhani,@Saham_fess Aku pribadi prefer ke Bibit
0,Mon Nov 01 04:15:00 +0000 2021,"Jakarta Selatan, DKI Jakarta",limapagi_,"#LIMAPAGI - Indeks Harga Saham Gabungan (IHSG) masuk zona hijau pada perdagangan, Senin 1 November 2021. Saat dibuk‚Ä¶ https://t.co/Q8kL1xiu3d"
0,Mon Nov 01 04:14:16 +0000 2021,"Jakarta Selatan, DKI Jakarta",JKTDSolusi,"WELCOME MICROSOFT ""RAJA TEKNOLOGI TERKAYA DUNIA""

Berdasarkan penutupan bursa saham Amerika pada pekan lalu, kapita‚Ä¶ https://t.co/ITdLP43TTB"
0,Mon Nov 01 04:14:14 +0000 2021,"DKI Jakarta, Indonesia",eDzulfikar,@Saham_fess Prefer bibit sih secara UI bagus banget hehehe
0,Mon Nov 01 04:11:43 +0000 2021,"Kediri, Jawa Timur, Indonesia",nurikarw,"@KediriFess 30% Invest
20% Usaha
Invest iso macem2. Lek 30%mu iku gae keperluan jangka pendek, invest ndk RDPU, lek‚Ä¶ https://t.co/riJegqLLQ7"
0,Mon Nov 01 04:07:12 +0000 2021,Jakarta,dzekkkk,@Saham_fess no
0,Mon Nov 01 04:00:14 +0000 2021,"Depok, Jawa Barat",satyaangga0102,"3. Kinerja portfolio saham berikut pandangan singkat mengenai tiap emiten; dan

4. Rencana pembentukan badan usaha‚Ä¶ https://t.co/wGhNGoKWEL"
0,Mon Nov 01 04:00:14 +0000 2021,"Depok, Jawa Barat",satyaangga0102,"1. Gambaran umum mengenai pasar saham di Indonesia tahun ini;

2. Metode kerja yang kami jalankan selama hampir 2 tahun ini;"
0,Mon Nov 01 03:56:45 +0000 2021,Kediri,itsmeicelll,"@KediriFess separo buat invest saham, separo buat usaha yg sekirane org2 lagi pd suka / lg trend nder"
0,Mon Nov 01 03:52:28 +0000 2021,"Bandung, Jawa Barat",potensi_bisnis,"Prediksi IHSG Hari Ini Menguat, Berikut Rekomendasi Saham pada Awal Pekan https://t.co/o9LqvJHFyv"
0,Mon Nov 01 03:45:19 +0000 2021,Jakarta - Indonesia,mediaindonesia,"INDEKS Harga Saham Gabungan, Senin (1/11) dibuka pada level 6.618,12 dari penutupan pekan lalu di level 6,591.34.  https://t.co/2PKSp6BL9W"
0,Mon Nov 01 03:43:54 +0000 2021,purwokerto,IndahMhranii,Udah tiga bulan ga pernah buka porto. Dah bodo amat mau rugi apa untung. Hari ini coba buka dan ternyata ada satu s‚Ä¶ https://t.co/Hn45Rbc3jG
0,Mon Nov 01 03:42:54 +0000 2021,Jakarta,theiconomic,"Perusahaan yang bergerak di industri makanan dan minuman PT Formosa Ingredient Factory Tbk, dengan merek dagang Bob‚Ä¶ https://t.co/nOzmbMjCCk"
0,Mon Nov 01 03:40:52 +0000 2021,"Bekasi Timur, Indonesia",cancerian1407,@Saham_fess Yatapi kalo RUPS lumayan souvenirnya
0,Mon Nov 01 03:40:00 +0000 2021,Bogor,ari3fharel,@Saham_fess Kata kata na.
0,Mon Nov 01 03:31:30 +0000 2021,"Bandung, Jawa Barat",endaarsyad,"@PartaiSocmed Bener tum banyak group mengatasnamakan investasi padahal penipuan, akhirnya yg tercoreng itu investas‚Ä¶ https://t.co/cNwZB06kfn"
0,Mon Nov 01 03:31:03 +0000 2021,"Banyumas, Jawa Tengah",Fadhil_Amrulloh,"@Saham_fess Kujual sementara di angka 4260, cuan dikit
Ntar bulan ini beli lagi dengan harapan cuan melimpah di WD"
0,Mon Nov 01 03:29:40 +0000 2021,"Nganjuk, Indonesia",IchwanBae,@Saham_fess Jngn beli cma modal katanya. Dia bilang gitu supaya lu beli dia yg jualan
0,Mon Nov 01 03:20:51 +0000 2021,"DKI Jakarta, Indonesia",AriefHuszein,"Alhamdulillah masih bisa konsisten terus buat nabung uang buat beli saham tiap awal bulan

Nabung untuk beli saham‚Ä¶ https://t.co/JGMDFQYvgV"
0,Mon Nov 01 03:18:15 +0000 2021,"Jakarta, Indonesia",sitompulfahmi,@profesor_saham Kok gak nge-tag influencernya ?..üòÖ
0,Mon Nov 01 03:13:01 +0000 2021,"Bali, Indonesia",Misterioo_02,@missingdystopia Saham
0,Mon Nov 01 03:12:26 +0000 2021,"Kota Surabaya, Jawa Timur",ErickFernandoW,@Cidhuk @Saham_fess Korban pom-pom ü§£
0,Mon Nov 01 03:05:00 +0000 2021,Jakarta,Media_Asuransi,"MARKET REVIEW: 4 Sektor Ini Catat Pendapatan Kuat di Kuartal III/2021
https://t.co/3Gopdofl5c

|Baca juga: IHSG Ber‚Ä¶ https://t.co/e29zk1fbvH"
0,Mon Nov 01 03:03:21 +0000 2021,"Wonogiri, Indonesia",pulangbentar,@Saham_fess iya
0,Mon Nov 01 03:02:16 +0000 2021,"Jakarta, Indonesia",Askrlfess,[askrl] yg masih mahasiswa dan udh mulai invest saham kalian pake sekuritas apa? kalo boleh sekalian kasih review s‚Ä¶ https://t.co/E1epy8Y8RD
0,Mon Nov 01 03:01:00 +0000 2021,Jakarta - Indonesia,IndonesianIR,"Convertible Bonds: Obligasi yang selain memiliki sifat obligasi biasa seperti bunga tetap, pelunasan setelah jangka‚Ä¶ https://t.co/VH1G89qFZc"
0,Mon Nov 01 03:00:18 +0000 2021,Jakarta,jokoanwar,Penasaran. Apakah ada oknum pejabat yang punya saham di bisnis tes PCR? Nanya lho ini. Masih boleh bertanya kan di republik ini?
0,Mon Nov 01 02:59:20 +0000 2021,"Surakarta, Jawa Tengah",tsjatiningtyas,@yudiwbs_saham @nuicemedia Ah gitu.
0,Mon Nov 01 02:56:06 +0000 2021,"Cengkareng, Indonesia",firmanpocofiabl,@collegemenfess Saham bbca
0,Mon Nov 01 02:54:34 +0000 2021,Central Java,anindittoo,@Saham_fess Gotrade
0,Mon Nov 01 02:52:15 +0000 2021,"Jakarta, Indonesia",republikaonline,"IHSG menguat ke level 6.618,12 seiring dengan naiknya bursa saham global https://t.co/iz56cyDi2T"
0,Mon Nov 01 02:51:43 +0000 2021,"Jakarta, Indonesia",IDX_BEI,IDXUpdate Pencatatan Perdana Saham PT Formosa Ingredient Factory Tbk. (Kode Saham: BOBA) akan dicatatkan di BEI. Sa‚Ä¶ https://t.co/sN7j4BoA8B
0,Mon Nov 01 02:48:29 +0000 2021,Jakarta,JLiquorwested,"@Saham_fess BQ alias koins, agar bisa menjadi scalper"
0,Mon Nov 01 02:46:03 +0000 2021,Jakarta,trenasia_com,"Peluang IHSG Menguat, Simak Rekomendasi Saham NH Korindo 1 November 2021 https://t.co/98zj5Ec0WR"
0,Mon Nov 01 02:46:02 +0000 2021,Semarang - Jakarta,favophs,@Saham_fess duit nder
0,Mon Nov 01 02:42:49 +0000 2021,"Jakarta, Indonesia",fratertelo,@Dennysiregar7 bantuin dikit-dikit gak apalah lah biar tambah kaya pemegang saham nya tu
0,Mon Nov 01 02:42:38 +0000 2021,"Semarang, Jawa Tengah",msmiftaa,"Yuk download Ajaib untuk investasi saham dan reksa dana! Mudah, cepat, dan terdaftar di OJK. Dapatkan HADIAH SAHAM‚Ä¶ https://t.co/as7p0TAGNP"
0,Mon Nov 01 02:40:35 +0000 2021,"Jakarta, Indonesia",pusatforex_com,Berita Indeks Saham Hari Ini : https://t.co/9muuW1hLvm
0,Mon Nov 01 02:40:13 +0000 2021,"Kulon Progo, Yogyakarta",juliusandikaa,@Saham_fess Ada lur
0,Mon Nov 01 02:32:33 +0000 2021,Jakarta,trenasia_com,"IHSG Rawan Tekanan Masuk Awal Bulan, Cek Rekomendasi Saham Indosurya Hari Ini https://t.co/ywkl6HyTyo"
0,Mon Nov 01 02:25:35 +0000 2021,"Jakarta, Indonesia",Bisniscom,"Saham Big Caps Melaju, Indeks Bisnis-27 Menguat Awal November https://t.co/DFh9N5T8P2"
0,Mon Nov 01 02:25:33 +0000 2021,"Jakarta, Indonesia",Bisniscom,"Baru Melantai di Bursa, Saham Formosa Ingredient (BOBA) Melambung 25 Persen! https://t.co/jKo058C5Qb"
0,Mon Nov 01 02:23:58 +0000 2021,Jakarta,lidaufa,"@indopremier ini kok saham boba saya belum masuk ya, padahal dpt penjatahan dan uangnya udah dipotong. sudah logout‚Ä¶ https://t.co/CaijsRJ9jv"
0,Mon Nov 01 02:19:38 +0000 2021,Surakarta,negotivisme,"@Saham_fess Ngga, agak beda. Bisa beli 1 share setiap saham. Misal per share harga $100 yauda dapet 1. Tp beberapa‚Ä¶ https://t.co/TjrTOxzwa2"
0,Mon Nov 01 02:14:42 +0000 2021,"Pati, Indonesia",frizkiramadhani,@Saham_fess Pake Gotrade
0,Mon Nov 01 02:14:09 +0000 2021,Yogyakarta,Giri021,Mungkin VAR kudu dialog sama Filipo Inzaghi.Batas offside &amp; tidak itu bagaimana? Untung away iso menang. Tur ora on‚Ä¶ https://t.co/yBJ1IOGR2g
0,Mon Nov 01 02:12:02 +0000 2021,"Jakarta, Indonesia",Bisniscom,"IHSG Naik Tembus 6.600, Saham BBRI BBCA Jadi Incaran Investor Asing https://t.co/d2CYGbbBu2"
0,Mon Nov 01 02:11:45 +0000 2021,Semarang - Jakarta,favophs,@Saham_fess gotrade
0,Mon Nov 01 02:08:06 +0000 2021,Jkt,ririfintt,"@collegemenfess udahh, saham pake ajaib dan langsung ke trading krn mau belajar lebih soal itu dan emang menarik bg‚Ä¶ https://t.co/4uQp3yAKn6"
0,Mon Nov 01 02:05:36 +0000 2021,"Jakarta, Indonesia",detikfinance,Indeks Harga Saham Gabungan (IHSG) pagi ini dibuka hijau. Pergerakan IHSG kembali menguat setelah kemarin ditutup n‚Ä¶ https://t.co/lXrbWy2XyT
0,Mon Nov 01 02:05:23 +0000 2021,Jakarta Indonesia,liputan6dotcom,Indeks Nikkei naik dua persen dan pimpin penguatan di Bursa Saham Asia https://t.co/70ecSl03LJ
0,Mon Nov 01 02:04:14 +0000 2021,Jakarta - Indonesia,mediaindonesia,"SAHAM-saham Jepang melonjak pada awal perdagangan Senin pagi (1/11), dengan Nikkei mencapai level tertinggi satu bu‚Ä¶ https://t.co/5msqYMFsMB"
0,Mon Nov 01 01:59:11 +0000 2021,"Jakarta, Indonesia",detikfinance,IHSG diprediksi menguat terbatas. https://t.co/kDFjqFlfEm
0,Mon Nov 01 01:58:33 +0000 2021,"Jakarta, Indonesia",Bisniscom,"IHSG Incar Rekor Tertinggi 6.693, Saham-Saham Ini Masuk Radar https://t.co/1b057FKtYC"
0,Mon Nov 01 01:47:42 +0000 2021,Jakarta,Media_Asuransi,"MARKET BRIEF: Bursa Saham AS Kembali Cetak Rekor
https://t.co/x105SGpGsb

|Baca juga: MARKET REVIEW: Mayoritas Data‚Ä¶ https://t.co/0UAnSMcVTb"
0,Mon Nov 01 01:37:10 +0000 2021,"Bandar Lampung, Lampung",Diqacangin_,"@Saham_fess kode emiten disensor, tapi linknya ga disensor. keliatan tuh mari nder wkwkw"
0,Mon Nov 01 01:34:33 +0000 2021,Jakarta,trenasia_com,"IHSG Diprediksi Uji Resistence Awali November, Rekomendasi Saham BRMS, TINS, ERAA, dan BBKP https://t.co/DTCDcXUx4s"
0,Mon Nov 01 01:34:15 +0000 2021,"Bekasi Timur, Indonesia",Pututadhikoma19,"Yuk download Ajaib untuk investasi saham dan reksa dana! Mudah, cepat, dan terdaftar di OJK. Dapatkan HADIAH SAHAM‚Ä¶ https://t.co/y44SorCQMi"
0,Mon Nov 01 01:28:33 +0000 2021,Jakarta,pinarta,@liputan6dotcom Suruh beli saham GIAA!
0,Mon Nov 01 01:26:43 +0000 2021,Bekasi,AnalisaJkse,"üî•SUPERSTOCK Update,
Berikut adalah daftar saham saham yang terdeteksi terjadi big akumulasi, 
‚≠êÔ∏èdengan harga yg mas‚Ä¶ https://t.co/D6uNNkU0VB"
0,Mon Nov 01 01:22:31 +0000 2021,"Yogyakarta, Indonesia",Ekaberkokok,"@Saham_fess Wajib nder...nanti pas log in, pasti muncul permintaan ganti pin &amp; password"
0,Mon Nov 01 01:17:49 +0000 2021,"Surakarta, Jawa Tengah",PencopetIHSG,@Saham_fess Ini shm BOLA bulan?
0,Mon Nov 01 01:16:40 +0000 2021,"Jakarta, Indonesia",InvestorID,Investor Saham Menunggu Panen Rayarnrn¬† https://t.co/fqdR3Rb7WD https://t.co/ch4fsPzxFM
0,Mon Nov 01 01:07:26 +0000 2021,Jakarta,equityworldjaka,"Equityworld Futures | Senin Pagi, Mayoritas Saham Asia Pasifik Dibuka¬†Menguat https://t.co/wuBOGZlexF"
0,Mon Nov 01 00:59:03 +0000 2021,Jakarta,Konfrontasi_co,"Soal Persoalan Garuda, Peter F Gontha Sebut BUMN Semaunya Sendiri dan Tak Pernah Konsultasi dengan Pemegang Saham https://t.co/eYwua1qVpM"
0,Mon Nov 01 00:52:57 +0000 2021,"Jakarta Pusat, DKI Jakarta",SINDOnews,"Saham-saham Ini Bisa Jadi Pilihan Saat IHSG Diproyeksi Menghijau Hari Ini

 #Sindonews #BukanBeritaBiasa .https://t.co/0HGZ8hjEJU"
0,Mon Nov 01 00:42:44 +0000 2021,Jakarta,KATADATAcoid,Potensi tekanan harga komoditas bisa berdampak pada beberapa emiten dan menekan laju IHSG. Saham perbankan jadi rek‚Ä¶ https://t.co/m6v4fGRzJJ
0,Mon Nov 01 00:42:01 +0000 2021,"Kota Cirebon, Jawa Barat",Pena_Adinda,"@anakgembala1234 Ya ampun cerah banget masa depan aku üòù

Kak Mon btw aku sangat salfok replyan yang saham ü§£"
0,Mon Nov 01 00:28:37 +0000 2021,"Jakarta, Indonesia",InvestorID,"Senin Pagi, Mayoritas Saham Asia Pasifik Dibuka Menguat https://t.co/KjNPFidjLq https://t.co/aD6Zcd8xVX"
0,Mon Nov 01 00:26:47 +0000 2021,"Surakarta, Jawa Tengah",kalembaekalem,@UNSfess_ La jare sakit yo di tumbaske obat to nder mosok di tumbaske saham
0,Mon Nov 01 00:26:32 +0000 2021,"Jakarta, Indonesia",Bisniscom,"Didukung Ekspor dan Kenaikan Harga Batu Bara, Ini Rekomendasi Saham PTBA https://t.co/lgXNvgS0iA"
0,Mon Nov 01 00:13:45 +0000 2021,jakarta,amien_xkw,"Berarti ada unsur kesengajaan membuat saham Garuda anjlok. Patut ditindaklanjuti, jangan biarkan mafia-mafia bebas‚Ä¶ https://t.co/CzwOyy5NfX"
0,Mon Nov 01 17:34:54 +0000 2021,"Bekasi, Jawa Barat",nrdiansyh22,@studywithcery @naaichan @txtdarionlshop 1 minggu untung 10k modal berapa main reksadana?
0,Mon Nov 01 15:33:05 +0000 2021,"Semarang, Jawa Tengah",nomonoxx,"Sebagai orang yang sulit menabung di rekening biasa, nabung di reksadana jadi best option buat w. Kenapa? Karena ka‚Ä¶ https://t.co/3CFP6ZgqEJ"
0,Mon Nov 01 13:53:45 +0000 2021,"Jakarta Selatan, DKI Jakarta",Jual003,kemana investasi reksadana
0,Mon Nov 01 13:42:11 +0000 2021,Semarang,ekkyfebr,"@mandiricare dear mandiri, mau tnya dong, kok email portfolio reksadana saya udh ga pernah diemail ya? terakhir bln november 2020."
0,Mon Nov 01 10:50:54 +0000 2021,"Jakarta Selatan, DKI Jakarta",ReksadanaSAM,"Download Aplikasi Reksa Dana SAM di Google Playstore dan di Appstore

#reksadanaonline
#appreksadanasam
#reksadana‚Ä¶ https://t.co/a7bWdpthOq"
0,Mon Nov 01 09:15:46 +0000 2021,Jakarta,aan237,"malas mencari informasi tentang REKSADANA? sudah ada ebook GRATIS lho, klik &gt;&gt; https://t.co/04e0npsnni"
0,Mon Nov 01 09:00:30 +0000 2021,"Jakarta Pusat, DKI Jakarta",reksadanacom,"Tidak terasa ya sudah memasuki bulan november.

Apa kabar nih tabungan masa depan kamu?

#HelloNovember‚Ä¶ https://t.co/4jIhXNlpS0"
0,Mon Nov 01 07:54:22 +0000 2021,"Cikupa, Indonesia",dannyramram,"Donlot aplikasi reksadana mulai dari ajaib, bibit, pluang, ipot bla bla bla ujung-ujungnya beli reksa pertama di ov‚Ä¶ https://t.co/Sl5DrmVVsU"
0,Mon Nov 01 07:35:12 +0000 2021,Brebes - Jakarta,dybaleee,"@Saham_fess kalo emang uangnya bener2 ngga dipake, masukin reksadana pasar uang aja"
0,Mon Nov 01 07:31:26 +0000 2021,Jawa Barat,maghfirain,"Ngeliat reksadana minus 50rb panik.
Giliran usaha sendiri masih minus 600rb, masih santuy üóø"
0,Mon Nov 01 07:01:24 +0000 2021,"Bekasi, Jawa Barat",mardhianto_,"@bankbsi_id 3. Kalau ada sisaan belanja recehan 50k-an biasanya aku pakai buat tambah¬≤ reksadana hehe, Alhamdulilla‚Ä¶ https://t.co/TaYtraPaZ3"
0,Mon Nov 01 06:58:59 +0000 2021,"Bekasi, Jawa Barat",mardhianto_,"@bankbsi_id di gold investment, reksadana/or stock, 20% buat dana darurat, dan 10% untuk sedekah.
2. Dari 40% itu,‚Ä¶ https://t.co/pcZpwKwHTY"
0,Mon Nov 01 06:30:46 +0000 2021,"Bogor, Jawa Barat",azConsulting_ID,"malas mencari informasi tentang REKSADANA? sudah ada ebook GRATIS lho, klik &gt;&gt; https://t.co/Ju3iWDhrX0"
0,Mon Nov 01 06:15:54 +0000 2021,Jakarta,aan237,"investasi perlu ilmu, salah satunya ada di ebook reksadana, FREE. klik &gt;&gt; https://t.co/04e0npsnni"
0,Mon Nov 01 06:14:56 +0000 2021,Jakarta,bareksacom,Kinerja produk reksadana sampai dengan tanggal 29 Oktober 2021. https://t.co/tcm76hcKAW
0,Mon Nov 01 06:14:55 +0000 2021,Jakarta,bareksacom,"#BareksaInsights hari ini

Pekan terakhir Oktober, Indeks Saham (IHSG) ditutup melemah tipis. Munculnya isu global‚Ä¶ https://t.co/M0VB7figDS"
0,Mon Nov 01 05:36:55 +0000 2021,"Central Java, Indonesia",suuppp_,"@nanidlot @bankbsi_id Reksadana melimpah seru kali ya
#TerimaKasihSahabatBSI"
0,Mon Nov 01 05:30:54 +0000 2021,"Bali, Indonesia",ichsanhanafy,"@TimpalBali kalo mau invest untung 50% dalem sehari mending parlay binomo üòÇ
reksadana emg pasti dapet income tapi s‚Ä¶ https://t.co/Izi3S4AwhU"
0,Mon Nov 01 05:10:16 +0000 2021,Jakarta,heyitsika,"Senang dah liat porto"" di reksadana, p2p lending duitnya tumbuh sendiriü•∞ semoga kedepan konsisten"
0,Mon Nov 01 04:27:18 +0000 2021,"Bogor, Jawa Barat",hamstereu,Klo tau beli reksadana di sopipay dpt cashback mending pake sppay. Dr kmrn pake gopay gadpt apa apa heuhh
0,Mon Nov 01 03:52:04 +0000 2021,DKI Jakarta,cermati_ID,Pilihan Reksadana yang Bagus untuk Pemula https://t.co/Q0ITPXPjVP https://t.co/pfU5fTHjXY
0,Mon Nov 01 03:21:03 +0000 2021,"Bogor, Jawa Barat",azConsulting_ID,"investasi perlu ilmu, salah satunya ada di ebook reksadana, FREE. klik &gt;&gt; https://t.co/Ju3iWDhrX0"
0,Mon Nov 01 02:52:48 +0000 2021,"Batang, Indonesia",kebanggaanortu_,Mutual aku ada yang tau cara main bibit reksadana ga? Kalo ada aku mau tanya:)
0,Mon Nov 01 02:36:22 +0000 2021,dihidung jungkook,AisaAmalia,Ketagihan beli Reksadana tapi lagi males nyari duit üò™üò¥
0,Mon Nov 01 15:34:59 +0000 2021,"Jakarta, Indonesia",InvestorID,Pemerintah Kembali Tawarkan Green Sukuk Ritel https://t.co/GuXFBHkVSC https://t.co/FohV8Pe04K
0,Mon Nov 01 12:43:02 +0000 2021,"Jakarta, Indonesia",GATRA_com,"Sukuk ST008 Dirilis, Biayai Program Pencegahan Perubahan Iklim

#kementerian #keuangan #green #sukuk #ritel #gas‚Ä¶ https://t.co/vKDbA141b5"
0,Mon Nov 01 11:46:50 +0000 2021,"Jakarta, Indonesia",IDX_BEI,"Ada kabar bagus nih untuk investor dan calon investor!üëá

Pemerintah akan terbitkan Green Sukuk Ritel - Sukuk Tabung‚Ä¶ https://t.co/4JoysJxul3"
0,Mon Nov 01 10:50:09 +0000 2021,"Jakarta Pusat, DKI Jakarta",ItjenKemenkeu,"Netitjen, Green Sukuk Ritel hadir kembali!

Untuk Netitjen yang ingin berinvestasi secara aman sekaligus berkontrib‚Ä¶ https://t.co/c1RY4CvZOB"
0,Mon Nov 01 09:05:37 +0000 2021,"Jakarta, Indonesia",DDTCNews,"Pemerintah kembali menawarkan SBSN ritel berupa Green Sukuk Ritel‚ÄìSukuk Tabungan (ST) seri ST008, dengan imbal hasi‚Ä¶ https://t.co/qFrx2Kvpnq"
0,Mon Nov 01 05:53:08 +0000 2021,"Jakarta, Indonesia",Bisniscom,Intiland (DILD) Jaminkan Tanah untuk Pemegang Sukuk Ijarah https://t.co/dUoveqNFyI
0,Mon Nov 01 01:35:04 +0000 2021,"Jakarta Barat, DKI Jakarta",lastipanjaitan,"BEI Sepekan: Dua Obligasi Baru, Untuk Tahun 2021, Total Emisi Obligasi dan Sukuk Ada 81 Emisi Dari 49 Emiten Senila‚Ä¶ https://t.co/fNS1JjL24f"
